Address	Quantity
0x7475af4d72aef41b715da844d1532e7773174064	20
0xe2d70f3254fc0f2f72e933191737d15c4907d6a2	1
0xcdedb7b9ff793497dd6a9787bb7f17177e9042aa	1
0xa27cbe562301daf9282272a40ebe7380d353bbe9	1
0x55933bbe5c95dad58be3272a1e5e413238c0405a	1
0x828673294311ceca36f84fc97786e9aded8f17ff	1
0xb7d53c050b3b03b316ac5226fd170afa774dcce7	1
0x48e0d2c4be37c9d4e971597fbab155b6db4736af	1
0xbcb4fa079355844f3a7ddfe515e0323008089b0e	1
0xae866b05bb30798f7d506b603071e9a92eddd33e	1
0x72c0e40fc938f9d6595743b2ab0cc4b540025eeb	1
0xff02c1c475245137f886df43344f8dc5720ada10	1
0xf05181360129ff94ea193298c939a444e87ffbbd	1
0xc30b563771cda5b62f1b6ec1d74650110a2fb896	1
0x8f43e39667bfd6d571a7e4a69df2e5646e92319c	1
0x883e7fb0022407ef44fa067b22580c343631188e	2
0x602160f62d420e9154fc5167243440891d6efb4b	1
0xba2d793eccf4877301a8224c044cf49aeaedf5d0	1
0x43541dadce7341675f07352add43976f3cad0cf7	1
0xb30e2fbcfc78ed6dd67b8b15ad7d150809087805	1
0x8e5dc5679712757dc04793695f8dc15a97148b27	1
0xf3b5d31eeaba482766918fe0f2a7840147b614d9	1
0x20ce27b140a0eeeccef880e01d2082558400fdd6	1
0x2c461b76241e3951be06313a39c0fe443e7db6ae	1
0x729f42716b59e9f90d76649d8646f71866e0e74e	1
0x96016a630db8656132cfc0baade6833a26bfd9f8	1
0x76f877df4a75ad46ff479609cf7e3e9e4dd9bb7f	1
0x6c42af8a86513746ccfce2b588336603eaf2d125	1
0xa3c95766279652129c8de4be1d0dcefca3c7e41c	1
0x450f9660bfdbc8f759a70dd36416ba324fa8d9cb	1
0xa787982969073d3b4fa4120b7d9c505fab3517d4	1
0xb01648e277c992a55509291de543ee057ebd1059	1
0xf0177863a8c8a0daf1afe56cb019f6e80ca15e6b	1
0x3ac0ea0c5f2e2e636d451ea85033c589e6e47722	2
0x7052acfe25c89c53a70396bc0ad9a70536c25654	1
0x0fa84a489278c891d9938cb7e8254d7bc3681d40	1
0x7320a807542b049742afa5d15fc81feb9f96b2ba	1
0xbc2feda7b3e798af51d1e2c635a268a10c0f8924	1
0x9b9dbf521de51d40be118158634bab4ca882ff6b	1
0x5035a4d25a5d0dcea1800098d4a01b041a09f655	1
0x7851424fc9b0a1ab166abb1f48391a5f2d88f92b	1
0xef64eff347dcb8b38e81de409f6f9e91bf38654e	2
0xb8e2af7aef5aebd9137aa12ab11774c2621fa2a0	1
0x2850e4322359ea498027973bfec6d8f92674583f	1
0xf6c50a237ea345a59ece4c0ec657eeb587ebb2b8	1
0xc9e9f5256799eef022b4220976a412493d0be31e	1
0x620ee7d34f21a848d099cd3379c0b0d361d2f4f5	1
0x458b1b1bbb7ee6b11503959a15dd7993c6f345c6	1
0x17a5f4a13cba523612c8f35af7c09647cff82311	1
0xea9f8d4a2349ec791d50c280b7bcf28e837ce4f3	1
0x4aae46d610d27fff86be08f8f6cefa32a1445f2e	1
0x1eb29070acad13891f2ed7acef5b30463edad03b	1
0xa529b6a2320973238a8445b8c4e25ac2fff3120e	1
0x5a59a21a1eb3bdf94a22452f0949f6d57d525649	1
0x51ad0b2ef2540d9336ec77e6e5a53f62539b4923	1
0x37e8640870512943d7e491df50be50cb9b8431f3	1
0xe0942ee3ea0958375a3d40164c612232bf1e90fe	1
0x0b9e00fc2ee33884c323c2a7a6ff1df2486cb6cf	1
0x05ef7067ba8fea1d609ff02dd3b9e8e48762eff9	1
0x748a1626438952ba7cbe29c1e92ceb3a0822d82c	1
0x01024016c98cece27179dd2987d98fd3617cbbaa	1
0xaf075064a9ca1e8fa9efffcbc88b69d0c6b7f8fa	1
0x98b19463b6b1e02f4efe443d445e434afb1794cb	1
0x81afcbe7b758fed5a22718a16ef93f8985b5d589	1
0x136e409d3c13dbf044d8eca5e6c22cb0a7915500	1
0xa475e146eaf8803f7afe18386a6ba11e5fa90461	1
0x774f43557c38aba64c32bc955e6083b444a56fa1	1
0x86dd8176d98561ce948baaba4330607a7cf1bd79	1
0xf72694102f1f77da61e5ed003ae1fcab3b925aa9	1
0x0a5134931b62fc475b098b344d91e2a870f2ab92	1
0x69c37950a2d41ba7080e67ad05f4fa6428d340f8	1
0x02cf7c0af382a7daeda8d3d95fe7a76f48648364	1
0x5f447ed3d1b278e0a3d34c67c31d9898dd10734a	1
0x4070c365bcbe4d505835b174bd20a9c945de39d8	1
0x1cb4a697aab5103287f24a045fcd274b38bb54f6	1
0x2eaf07b7eec52076535d301fd889afd6fa92e45b	1
0x4bedfd85919bda155c80f2b65c50133cf13fac3b	1
0x2c7956fb5fa79ba7db5ad2f3b1c36ef79e9338b9	2
0x917745978cbfb631da987fcc74cf291de1eb472f	1
0x0efd092817edf0d1e2848423e71cf7f5cbbd3083	1
0xd1c5c031f5ecde1b4d16f5172b1b86dab2171dbc	1
0x2ebdfb0eea0364372b4a1a1d2a8142c60ea54867	1
0x13000638786abe8aa4000b395ddf714a273aa429	1
0xabd29e9f206b20148e03f95c31c5f3139c0e9999	1
0x4cef98d34e5bbe12491cef4d565ffbeb128a4b46	1
0xe656179efff775a795173081552b34bfa27bfe5e	1
0x79a968df07c97042e964a615fb50df2eeda8512b	1
0x1257ea6f17f3bd82b323789cf08b79191cc82b6d	1
0x8584f08ca12dbc430dbb64d0a20987e252c03d53	1
0xa91e1f0b2e0a1e50b292913ea99786fdbf7ba537	1
0x5efd95ced49055f9f2d945a459debfccee33aa54	1
0x972aa5413b84b92b066e5fdaf72b3cf32a7f7425	1
0x0531fea6d198171c7a1dbe559307b051222c8ca0	1
0xe37bd35bbae0f25f298ed38c4229b55f423420a9	1
0x73da1af06106a7f3ac717ef0fd637177175d98b7	1
0x65e59e74b5acde46f12816c6b7dcb04a0f58a919	1
0x5e8bb171efb4ef1da79479c794d5b8ec550233f1	1
0x9a925fb79f42e3a03291aa97e6b8e38325eb3c33	1
0xdcc54e8e093ba4eb69d9a5a2933044c3cc22b9f1	1
0x490c1a733184fa5e88c6d1920f377ff26f8f00bb	1
0x6e12a28086548b11dfcc20c75440e0b3c10721f5	1
0xf7fe08b81cf8121e7d79d2d4d56f8b37537b4b20	1
0x3b701f7be10475b2844ce869f8bf4b797a8a20c2	1
0xf95c92786ae4ea27a225243cf11eb365018795fe	1
0x500ea6b674b5e47c538c26864a03ee05a4079e11	1
0x8a25b453a19a730d30c1a5407c4b31d3b11ec194	1
0x62b8ef8a769c8bc785a147f364ae3b2d117cb895	1
0xaef29b4374e3c8a04d140ac950121970e9b5013a	1
0x41b86663b2d00e72d13b9c3ec4be18d84ea46cfd	1
0x677610ca53d5413dc706e2fb6bcd62374b173255	1
0xe77fb6d4a9d94d919fd290f2ef1a21b618ba9eb2	1
0x75753e99f991dd78efb3ed714e3cc649caad5fd2	1
0x5b56ede3410572b3257daf19d0e0fb31738fe86c	1
0x3c247fd32385c3a6d7cf985cdae42d3f76fb036e	1
0xfe746c723ebd22dffdd4ea7f06c922589e5bdc50	1
0x9de91fc2ea41a6a51237aafcf85c840a4ebae812	1
0x9b0de76cb0a21cad9fd37675731f65773508af9e	1
0x9f2426a1bb812e78b51dc5833863846149fc945c	1
0xf2f5da9a4bc63f9aa77ac67f8ca2700e8218deb1	1
0x9f118cac8821b0c53aa8d34e10cc45584cd0b47c	1
0xbddf4556ab79d13a973a8b20971810aee60b659c	1
0x7367772422348626242bb837a35a0224e5d96c6a	1
0x598ec957c20fdfbc06567473224c85585103dfd6	1
0xb626bf8fde033a575356bb7f757f0833e5ada8d2	1
0xfd5b061127be14ded27d8a8f380fd760321326e8	1
0x22f98b8fd893619d090958918bb2d4d387d9b2e9	1
0x6ae08ac83fd55d1e39b4261c2a0b7a727f89b009	1
0xf1092fffdf736fce2881e16a57c3c68ac8e745d0	1
0x6d82c3a89da852f369836a0f850b7e2488c78cf3	1
0xa73d12034f8d4ac890d3a446b482dd0fb56f7717	1
0xe20757263a77f961a67a539b026d836e1d0bde66	1
0x1f779c75cc2393704d48e97e7d494853ff53a4db	1
0x4f94aa5a63aa7e6cf00ba7d88f860767e72513ad	1
0xba8f026e24b3a229e050557e081f58a0b1866165	1
0x90b3dc91687afb37aac36016a6fa65ca68981238	1
0x5931f82f1b2683b3461bda1f20af09b3eb38c6b9	1
0x9523aaea796f0d1e5f4c104ec40fc67dd07836e8	1
0x8ad78dacc1dc13ee0f0180eb991d2fdbc10af1d1	1
0x9a88b71c9a7857dfac421e9f5c1ae9bbfc3ffc80	1
0x2f93f32258821cde7e79143a63a1195f53d68992	1
0x6ea4a13b09281f28b6efe2872e4e6b10e887d468	1
0xc980c64971aa070ffe2074ed8e611eedbac1c9f9	1
0x2558dc89a36dc73d6b5a1d9199381ddd3353342e	1
0xfc5085aab00afa9f92c38ee12b1a0a3bcc3dd12b	1
0xf7aecced006922742e898e453c785fc390df23e6	1
0x82c80319857c64e5fda0ef54aa76f094b8f9f8a5	1
0xf40cfa2bc4e19a72db2e99c0b625c24caae0152f	1
0xa57326edec0cabd53b3e3603b2106e7329037e3f	1
0xdf6b7931b6109051abf793ea0c96b2427a971a29	1
0x3c6c7316520614e2e22dc5c0b2c70836f8d81259	1
0xcfdacd65aa9999937d44f74a57e495bf8d0f9f1c	1
0xc6571c2fb66825f13b7751b1c334810d397618eb	1
0x13f3a5954b43c324b890ebf53260f09fe3aaf965	1
0x784ef860a461eb44fe3717bf5403ac0aa24e4e9a	1
0x9eb023d4d0a35ac5aac8dc95b44e11288be6d467	1
0xd5551de96678b251a827258142fd4105157ae6ba	1
0xa9e01758fa7aa528b8ea2bf927e371b48d023d50	1
0x343b12a3e3fbd3c789d3b2e56ca7fde146a80e49	1
0xa03836f57ecbc3bd20aa68d4ffd5ec00e2781ff3	1
0x37396d4039415562fb6aa1259753169e305d0c2f	1
0x5d914acd5541c65b6be7c3ffb939ee677b7e7c7f	1
0x89a21bc2eb516130f4af29bc1df59f83f7084656	1
0xd9c467465afd232c2ae0d1298423981ba8f68761	1
0xad61a4c7c846a1840b7ac3db056efd1aedac2809	1
0x5631eb71f424a936404287c6a6e676a3a5e00ecb	1
0x970070d29a7609a380c5fb93838babde51f08de6	1
0xf5eda376a6f4626d81dfebb048d83747a21046fd	1
0xdd671f631dc6acfdea795e333f55a66059ba27d2	1
0xb1cd042397dbf3485d0a3b901717e05c717ff5eb	1
0x253d9c4222e3cf4d6867465c68c56eda7c015688	1
0xbf4904dba2db1c0650a211f751067debce256624	1
0x0c1c67c66fce45169072352d6364d0b60d5de933	1
0x0b3bfe556e31f3c44e2004d79de4af01f3f362fe	1
0xb66dc51ffb1ec32fc673c9916a61f46c0c375cf1	5
0x9108316c5362e459eebba461982cb44a1bf52e5d	1
0x32c77593cbc92260a2f2357bedaeff35a5e3947d	1
0xcab4161ae91900b9cbd1a3c643a84dcb66f241bd	1
0xd5c38625d05b58c67baea227f29dfe23ebde7bce	1
0x11ebaa109a0a0388f82c5bdea6fafc0ec78cb4d1	1
0x9ecaa7161304c1d39d0534404d334bc29798b950	1
0xe2ec2e1a3013e83bb6419219f4ea5a1305fbca92	1
0x5bb55b74d7967396eca76ffb488204c2e15b8fac	1
0x6c7c8abc426510451ce7a3a66dd6f144c3463b6f	1
0x387385b49f561d3a7a7e0cf53b3cd3ec1b24f34e	1
0xe042226f9172b0cba95aaf475fe79db647c2d717	1
0x9ff80eb2a2b22b181ea1fbc885a030825cd48922	1
0xcc3f5ab1f5f947e2402a2098b43f3cf863f04457	1
0x96c3a3795666d2e3909aa360dd2c4e6bed63dbd7	1
0xc1ecfe0979625ae2d891237722f38215fa768d1a	1
0x19002462b437d15fabafff2b20be7e07fa4cfb1c	1
0xeca85146092c3be0ae36d36f39b3d6fe5a7e4b69	1
0xd265c5e4bda6fa4e382271612c378bf1c2d457ba	1
0x8b83d15c6988e620d0d8bad8a38f923b4bc5033b	1
0x666b87e683e5c302daf93e6ee66429ccccdb8fe7	1
0xb7b7398181d94540a74df7ba351ca6088d9c5225	1
0xd98ad4cbb743f9aa42e9a20b3406b80f29b2dd61	1
0x75bbfc8279e880f44b82b02e1cb50d8fe69a93af	1
0x738b6c539d2b920b73413c725556d4cd24c5f6bb	1
0xb6df50f3d9b70e517875e722d2436a3de5e0caa2	1
0x549a1dee8c234846e350f29982e6dc912bd705f9	1
0x28c538db518dff3feb32aee5e73a1366efcc9494	1
0x69b6ccfe36cfd3e241df4153d562dafd8b62bd95	1
0x98adf18918eb2702629387914854584b9d76d0f0	1
0x4512bb805401c2ea796d3f120fad310d0b5fca41	2
0x5e067b25a4e0e8d92e245530d91df9966f5c66a0	1
0x04a79a95c8ddee7f32dee222487223bd04ec186f	1
0x8af7b42097c47d4db597ec39bd12fe1f89d6dc58	1
0x060f95cb9e981063aa23a47fc9d4701bafbc4610	1
0xb78f5996c5c5eabcd214fa1ad337adf6e7965d3c	1
0x08471f1fbd6614254aa360c82d40d49d014710a4	1
0x0b7777e7c1f64a6fade5bdabd887f7da161d4217	1
0x2c71bb98da3f2b78c507d9a5fe17841967d1d422	2
0x9e38265e6815a6d4406c1d50e76521501487b56e	1
0x640f66bcdb9c843559740e6e839c4e47d379a656	1
0x49231be8b3e45b1d8944b126feb1b1f70cbc2be4	1
0x582372ba29368175b91e92422ffd1c157ee895be	1
0x7039b8e9055bca6b4a41950d21330b44964346a5	1
0x34beb2e3660624a94504a8c9e5c8aa29fbd14e31	1
0x7754bf3783f9932dbb8f10dab17d5ba8f25f45bf	1
0x5c5742a9869e99226c64eeb7d03b90a952670d36	1
0x120476ab6b85d378214c5bf66898596313e8b5ff	1
0x64a99814c269a77ecaadcc805024403d0f5f3cd4	1
0xdb27f05eb63d2b57b05075beba458e31e98b9517	1
0xcd3b74148b73b79bc2fae747f7f5042525001572	1
0xa579fe59e13979f61dacff8df5499efff79f05f3	1
0xa115cd20434a5f65d62b028bc28b897477b60d88	1
0xf0dc1acc7abfbac9289a9cefb91e48f51a0f7fce	1
0xc43d205a2079b9393ae2dcd0b2ac5f1b1564d31f	1
0x756a55db87f5ce145fe149204e3a3fe4cb27fc25	3
0x7e6f26e15abfb81154eaf1f893bc1ee2654c0513	1
0xe5ebe01af98545d8bb65d2099e5863253fa70a46	1
0x0b7a3bb88dcc977644e66b5f7d3fcea301809a45	1
0x7c1f45082dd441a906f6d7b63d8108313d28d280	1
0x1b68d948571cc652dfd8718d4c24a92cfe63d591	1
0x199aa2d9444cfebda2a5583371037a40db671977	1
0xbb595017e997042889cce7fafa2d4d32cb04f168	1
0x35e3a5f9a59a441f5b87416ed68eb99753e59171	1
0x4244d4cf73f93d19bd285e3599823df216057444	1
0x8eabd6ca87f55ad7fefd9d3cc4ed038f26b878e8	1
0x44da456cbe9af54a10b3000792b93851819d8b7b	1
0xb0e06add73ddd276d731f5419ebaf81d6615b14e	1
0xb86246bf53beef6a52a08bdc672e887c3913fbf6	1
0xc2125c2689dcabbcb6afb2cfa84f46e762cb464b	1
0x79155bf78b240bf43849de68797acbf8eacc07b6	1
0x7217d290fadb0659363aca92f99fc30c7351cfff	1
0x9417dc185090fe0ba12b4387fe768646db31d03a	1
0xc89a758db95431834bd2153feb27b38703cc144f	1
0xda7ac208a6f8f42463587a97041614e5bf0d46da	1
0x3eb331d41920c3ae65d1fe7eb8eb69e5761e60d4	1
0xc395320bbc4099b6079743b313f0bd7bd5f584be	1
0x163d73e953e6168dadd7ef953b174e965033c010	1
0x8d3360988734f88b74c89cc5fdb45c50552c102b	1
0x2a670ef8fc052d5cc2d6d556974da7fbc66a9bdb	1
0x2146948fa66ca2674a864ce76c8408c1607cb5c9	1
0x6d53f797250be5e72435aeaa55ce03f9019fc5a4	1
0x5714a536710cb2a265340f2e5614d804a4fb74ff	1
0x4f2b260cf042e4fa4527c1d2fc1fd07310c4382b	1
0xf230f9e144b3e9d839655259b9036408669ba9d9	1
0xbdec79085b98de65522bb1a679a50741881fe9af	1
0x12a7f4a9ec25fb81079ab21f738d7740744120c6	1
0x01b86aeebcd1ff94ac1195cfc8fd9e39db24db45	1
0x5d6c39cffd8fb8269134dc3a30db4f848550a7d5	1
0x8fa2b339ac51460e7d7d6abe7f93297e86f24013	1
0x420ffe6f6fa20d5bb5b4027d425d58f335d909fb	1
0x19a1b858953c0e44311b0d848316ec85e2beab8b	1
0x68d8c1da927723132ebe6c708febc4cf9d4d7438	1
0x34041831d92d4787c1b2d46a609c4d57152c4689	1
0x83b8c41d258e0bcd15b85edb2763a4927d7b4d2b	1
0x8b1a11f3f615340b75b6ee4822975e9a98c163b6	1
0x0684518bfe8014a5a72e1695df4cb6b3f7274bb1	1
0xc800a105264da85eb57253b191cbf8e43ad6f5dd	1
0xa3c49b2d5a3d76eb961e7a54ef34b1dd16419f93	1
0x19c88f6b5e5a274eace401b7699fd6b6f2d67a65	1
0x363b5f68aeebc548ae3f0fedee905fa635f32cbf	1
0x1344cdee3ba239c85c0e5b5cc72942187cf954b4	1
0xdb192134b227db7b8c972c29ee78d2ef8da135fa	1
0x1c67667c0dc15e07d8e075db61fc3974480cb9ef	2
0xf19aed29a6cd4f5a1b3c8ed79d987e3fc1dca853	1
0xb46bf163c3b7de6b80270ece9012a276863842f0	2
0x1d51694535ec9e4fe7be8134d3a26a8cf04c2551	1
0x17c2096a82bef9749e007e86c6dbdba397f04dfa	1
0x76c5851ce22e476f3513ed31dd77840b4d9db34c	1
0x4d083a42e768e548ac56a7f2af74874d8e6a1d54	1
0x02fb763a0454a54b3ffd02427f54340b42fe8e7c	1
0x2b2dd8496c9dd72109cdaecef489d88eb7d54c87	1
0x3003ae000f5b76cacfc88cf37aae5296a7386556	1
0xdb4c9b33bd9e76b4ef84d86175a1499b362fdac3	1
0x6650bf791cb78452b538c23e09c3874b41550c02	1
0x9d2aa2571da4fb680ecced0f18192a90d9757952	1
0xfece874d5cb40d3958d8b43859523ed0a6fa811f	1
0x7f30b33e3824811bbb362dbff4ee84f4a757f51a	1
0x8f2df56bcecb03e9118a8c78b454e7ecf1592872	1
0xae313755c80e463e142207bca61031e32d4c8b79	1
0x4f3e9494802d10f856c0ab57f6b5dc91afde0d82	1
0xd6d30dcfc7c0d1193c41b997660105fe8b91b73d	1
0x19e6eb6447bcea05345acab0c8432cdaa440724a	1
0xdbd47f66aa2f00b3db03397f260ce9728298c495	1
0xbfcb84c1ca407733d66eaf02431b5ca7e75d353c	1
0xb0990fcb6807195eda4cce47517e99fbc6f80e53	1
0x0ead69c1a7351d375d61a5d146120b9b2bea897c	1
0xfa9a06fdcebe4bd72f0f9dbf010379946a18d900	1
0xd028bcc2d4216386c4ec42269b512abbe0cd9263	1
0xbacbbebf6f31357cbe3486e30879143bf86f7f1a	1
0x855245e2dc526118d8dfc764d8dc51046685b457	2
0xd85c37a811b5f9fa901b1d00a8f4ef00a9a645b7	1
0x845e8df859f2820c6ed2b54da3b15b2a7375b0d2	1
0x1320fdbd3d9cfa6abe71d385d2ee35f664f89830	1
0xbf302a6430ee16469e95c3b025d3583e2fcff3b3	1
0x26b605867fe2b736f25e54f656bad9375f7e6058	1
0x24256b6635042d5f01535484a6aaa5fe4f417f2c	1
0xe8ae28bc5eb2e8e87ce043351d70f4a88b9410ba	1
0x3a039a25dcd554841d39c94817fc8e7c05e2799d	2
0x115429bf535f55864668dbf519928c3ecfe78ef8	1
0x6c9e1639309944d9bd41d7fcbbae1e8a6d68477b	1
0x20851bf7cc4c4310957b4c85631e40735263692e	1
0x46795eb1e066c80bf0760e4d61d2ba7f4d1f0797	1
0x6ee7a2bafab6e6b650dd8e4038b6b8ae10574867	1
0x40b42a49a45412992dac18428246da40956d7daa	1
0x4c22d81de3eb97ebfbb8541958eea124f3dab4c3	1
0xa43fd5a96198f5f7334b48bea67d5bcabeadba8a	1
0x51a773c06d59cdf27d543d39fd7ba9410761dde6	1
0xd7577042de061d25321fd596a737056bbdd4c61a	1
0xd100b2b28ee17c6d4a4bee4a23846b161b07c8f5	1
0x858817885f4dd1de034d2cc7b9fcf1e87899d109	1
0x545ef910c6cbb97ee0df691c4a952f7d024d392b	1
0x1cc16a91691407b04f25cc5ff8af047b0ee3bb32	1
0xef1c34344abfa02c246798c223a117da99c09fc6	1
0xc109a310c603b0c9af1131c1d2b2121832909d2e	1
0xfe058721d128792c09324190e9d27ab817eacbf8	1
0xb900bb3c053ae00c3d28ec9bc6bbc6a2efae2058	1
0x8dac50ca229b8eda0cd50041c9f2f7c201de4ab1	1
0x624a60672b42224403aa2d34228649bddf4af601	1
0xb96f79ab68f928b44b7abb62ff89f54b5609a5f8	1
0x7f4315d0865fe4984604eaa500e3aaf99039e6f2	1
0x83ea963a7c3be7f3025b15a38e401835686b4380	1
0xd8ed985686ee71aeb800352faed6a7c284b468cb	1
0x88deb89f91656995b1a13d167e7af295e9ab44a5	1
0x2dda79f2af4b411d0c23e96db2a06a5b80dcfba2	1
0x46aef4957fea3ed6cbe4e82908bdabec211a83df	1
0x6a17e2cb90f6d6c342934c104de5196cc4d0786b	1
0xebfce19e6b455f9df469f18627aceab2e6781ac6	1
0x53cbaf1411d3118a3a5580117af23b0a9812cc02	1
0x2a04863ad9e46010fe19bc7f9e3154a5d0fa819f	1
0xef09c10a9c4ba4578c6729746405038316be8694	1
0xb8f1ba7e145e33c0e7fda17e7d078c096a9d1584	1
0xe9f01da1ec767d786ae6d43be4583bef494c0834	1
0x9a016fc1731031127cd2993ea92a9bd1a5148326	1
0x2132627c5fddfcc59257151ff1cb80ab213b5fde	1
0x1cc533c9bdc845ac3f6209ec8e7e51d3a86cbefe	1
0x9148bdb5874f1488c8f600f877f8e7972435c1cf	1
0x06f62b220e8c557b0fe1a755a5f7642a4b8d2bd3	1
0xe27981f8170b4c44788ce24e16ab14db9a6d77af	1
0x2466cd39f824c9e3364a1a83bf3ad3265b2acfdf	1
0x3f77e42066c0f8bf63aecee1108e0cd3afaa283a	1
0x54b0be6202a57f2a9e3e767644089d29ec09eef5	1
0x1c8fc0c894f752b2a0ad08f34e6d05c7c50d6cff	1
0x670bb2589304e973b7a5bf6ac5b542e59434b79d	1
0xf482759c8d3f1b42fff283e61d63a1c52fe1907b	1
0xf9e274e5ef198394a7320db5892d6e05e7f57a45	1
0x7da0cc6b77a5c8f8ce9b7300cf61fe316199810a	1
0x32d1e00bdab84846f73c98ba6e7d87d3a9174d89	1
0x9e6c39f57e324fda4d8397ee5a67e1a5c44a3f4e	1
0xd7e01f0403776e3cff89364fbb4fae462329094a	1
0x223e64d8f425b5656e1a3600ac378c79794795b5	1
0xcbcd68b93f3b4339110daa56aa14ccf56c57f371	1
0x9541738f4adbc711a3a7d8689cff272e4e093929	1
0x0166f6b0ac0900d0b7499755bf7038c4cc819b04	1
0x007554d0887fb684f79b2e0948436e0e3cd34d7d	1
0x404d42c64479ef23c935b94c4815c9bb8822bb98	1
0x913105f2d2bfb8392f7845ef79e0c2c62f2755df	1
0xbc9f1bab4527c7914a85d5abeeb6303ad1566cc5	1
0x9baf48fe23ef619b7c16ac7eb8ec72c86a5a28a3	1
0xa2a3d9a8e4d73262094868f61bfff1ea92be9e52	1
0x38bd5fc7881b1d09aa3ab195375048c2961ed598	1
0x83fe4ccff9b72adc0e164e8fccf3fc3a982d04f7	1
0xa8cc37f5ca70587cbceed2241957fe624801c484	1
0xec5e07e3ce7afba0eda95556c3067feb09a1fb8d	1
0x6d9ed472da62b604ed479026185995889ae8f80e	1
0x85a2da92a77a3b6827c27c849eda1a84dabeb6ea	1
0x7c225c1d4b40907cc5d9d54b7274a1d3cd91921e	1
0x0155d8cca50076d97df2d27a1dc9617654fef0c0	1
0xebff33e6404ce77e366fc9f363dfa20f63142003	1
0x001461c431645ae6f6279054b6572bcbf66d2a91	1
0x0e4846713d0ad8ac565b938de090868b27e48227	1
0x986e97f8f5b1b1dd55ccb31199492356390f8cda	1
0x82bac937bf4849dee9731968ca867258acedd769	1
0x762ae3452e929ca38117add12a8ebad31ea84be1	1
0x90cc5514f5eef8b8a683224a54991d90fb3f8c16	1
0x9321462a4fcc3e85b11ff67cd725bd84a55a4b8f	1
0x0824bf0c38b9d3359e361222ba6f8669fc203040	1
0x3cf300aa0a7c4de177cd39d66acb71bee6a045cd	1
0x8670c546f415acfbe57a94c4d0aea6b7ee6222fe	1
0x1a4672cca38e29e3919294204eabd55d9e6c39c6	1
0x916e4e129b9d81a15bd6de7985d48c3e7449d83c	1
0x140fc735cdcdc36a975c9001cf873a15c0f786a3	1
0xee46741749faa5a7286ce8dae6740ddfae628dc1	1
0xed2bbcb5d0e346824c09da5734e5fde9eab94574	1
0xc8b2805b3f91f2cccb30872f4bbd11df751b237e	1
0x64187b8a40f88a445681683676dfb848cdbab9f0	1
0xd9978d36016448423b9657eb8c818d0be95a08a3	1
0x0405313c22750208f92a1b5131b4f91b0291c70b	1
0xa8fa9462f23bf01ff533c6800c50c92a755ab962	1
0x2a036daff3af2624039b7b99acce5cfe40e14ce2	1
0x383bbb0000e6abbe0271d0eee8dda5ff5f834370	1
0xe8930f109cc58ad008fc0348e50c7387c547a052	1
0xe1e7469d7a461fa1c1d5e7a4c75931f1ff76dad5	1
0x5a6cad1691ef7a7973abdd5b0cedfb605a0676b0	1
0x61c7e844fc5c310f8451902597c0452ec12cc31b	1
0xbdd4c6b3c82c5b0e153739d514b23f10b6d68a37	1
0xa93ec85a4e6d1bc68a6f3e9113597ab57cb32510	1
0x419f2ec027d8268852351202cdb5385cc35d8225	1
0x1a33c7c90d0afc59e508f9a37fad9940dd0d2007	1
0x4dcf67c43dd7884e3c6010383fd783bb750146f7	1
0xf77c40b49162edd116308be870654907c0de352e	1
0x2b65f85e81eec21eda840b8f9c4fd657f917b092	1
0x9c18af0977724fc8045fe85ab68971d6001fd342	1
0x54372fd91473e0f6f8507a955cd45de9b9d740d5	1
0xd54a4c833a0c7600583fd90ed8bfd60ed0900e92	1
0x8ba3edbf4df78c23acf92fc7e4cadb5f702c5e50	1
0x85a04b82a0e18caaf4ff5aba707173ee52564558	1
0xd6a07da9224f2e0dacbb93c147d4b08c1265ba61	1
0x4ef648ad96db020111a3a0e7bce4ff6e1af3da68	1
0x522939665f21048d4b5be68ff16ff5dc5c6a5bf8	1
0xa882fb71aa1967a6a8aa11375f8abd5fee5bdd6a	1
0x35153c3d95856370d755c0d436be8ca74fc8c881	1
0xe7f3443b16648a89dd3eaf9d179cb4090c02e66f	1
0xab060ae3c30ca11f3f45634f090f745ddc5ec9a8	1
0xad481d3c709dffdc30ffd7b7c6a307e4ce60b09a	1
0xb857fccec42599d630fae975ad0129e8b40bffbd	1
0x7a6d67203bcf89ddef31982a4eb3cb033a70e5a7	1
0x4bf296928f8acd417fd728a0676d0b2a72aa968a	1
0x83dfeb8aa30731d6ec65c6c1ab064cdaf3ac0eff	1
0xf668cc6cde8ae8670d90400c32efd78c8d6e243a	1
0x7eb7520007646ddadac707160884403f601cfd45	1
0xace32b04504e3f65d870e7f5fb6264fa5f5ac88b	1
0xbee625c7c2411f4c61b39583f02725dbe3939cf9	2
0x13e3f5b1959dcab8370c12d69ead1590facf3b4a	1
0x073b5f586410397b73e7a2a8fcab6293768f5bc9	1
0x57e5d425de3f53a076105b252b8e0501d0de5312	1
0xc9ac2275bad3aaad5959a4ca3e183a0ea66b6bc1	1
0x6184beedd007be8892b045f45e7bd634f5ae42d2	1
0x92ca3ff3412568c233499bd137f3185536ee8ff9	1
0xe920cb1ef1831c2010c6e92e10892e51919d0a48	1
0xcf811bddcc3f6e22fda700b3e465bb014779f68c	1
0xb109a8d893c74d6fae510fe4de9794bf3c0757b3	1
0x0f588f19b18bbd73ac35b82cbf4a63f34b02ba06	1
0x3d314fab806a56d74098351721e9c07005061959	1
0xf6b64fe9b2bc44b2546a216cf8687b8457aaa738	1
0x55443b998b2978a2672b1d6e453d6832cbe6a2ba	1
0x94828002fa8657786042f253a0c467bd90c3776b	1
0x1f0e767bbca3dccf1a1be555452f28e89b478dd6	1
0x7d20defdee26e2dd67a537b4202afaced5a2525f	1
0x9093e98fc88214d1d39efe89d769e4d30ecf7494	1
0x48214926d74aac1e509145693fdc7c0cbdd72f20	1
0x90eb6c6224c4a397daa33950404a7a08ed2c984f	1
0xc41f57259d2d1fb202d503a8134b74fd623306ac	1
0x66a29c13bacdffe746b2583ed3a745c793d0d9f8	1
0x9686ef5e52e51fa6c8bbfaccb2ff6b958c4625a9	1
0xb9fd075e86d727b3e88386d24602a90478198c26	1
0xfa588331401dc91b2762be74346ba33febc15b4a	1
0x85b8c83030fc4118b8150046a0e0d43032387b37	1
0x4ef66a65fc0af3c52f981937aece8fdc77f71ae2	1
0xedde0c6c99c27fef114600baa4543598f1a14f05	1
0x02432546c23e8c39993208a4e2827f443b3f7206	1
0xe2030794c0f0e54c231fcb674082914535193743	1
0xf01795951e42c02a7b3b2c7845fe3246c2506cbe	1
0xc63ec8dc2104b048a9353e1768c060c5d6098eaf	1
0x8588c52c95bc74bd9da80304fabed97506717ef7	1
0x6d4b80acca7abcd6d7241cb4cbe57aec0ceda931	1
0xdcdbceae7265029a8462fdcaa33caa0608d447c7	1
0xa2b238f148c8fd5ffa8b217cd985a36d55c135d1	1
0x8a99da5c9ff15cbaed5b9ac7a9f603b476531658	1
0x5d573d976f87085d165c92ea888cb3e7e58fee32	1
0xaab14dcfdb422eb12f4e30a62ff4242d771e3f4b	1
0x76698022e1ce382afed42608445f6a6c0228dc48	1
0x5304548012bf52c37aab4b262d743638e14fe0cf	1
0x20daf9d0ec8be55d52b71046a7f13ecdc1ff4c32	1
0x413e63a06247696d1f65cd28fbea1f9beaac6e32	1
0xca55ea1077c25c8985f2256c89c10400c800aca8	1
0xfd8be4656e110d309fb1ccc85fae10b263a940c8	1
0x197ee304550772ad183a5eecbe1e3d6906e21f23	1
0x77d35eda72beda878de5192b8d58e1408e9db1c7	1
0xe6a07c8213d4c4b2940764c95b6ba70a175eadd3	1
0x34e35bc14ed8237fdcb25efe6bd2dc5f314c3674	1
0x63573b82064bf24b0ad4e2f0b525fd6bb1427e27	1
0xbe1bf5a81c3c0726ccb53099ae9d7e1c335e4252	1
0x2ee05af709e6476342c4f6be4440fdaaff2f0277	1
0xfa4e17a8675119412f5312102517e56363fe2e4a	1
0x93fcaa2c2db1898ad016917197e72437e7777777	1
0xf3d43986da0733aac801eb89ccf7c177b7d14310	1
0xb5e31fd0b20aa562fd4bc72390c540ba90cbe689	1
0x116e4147bebcae8f30ed019c48cd777f92e247fd	1
0xbb14040d6244b6576d6c914f023c7f9774aa09f2	1
0x95cb570dfd6476ab01a03ffaff6773ec7d0aec53	1
0x949054e6564b8cb7763dd30d5999f3fc5f8d255d	1
0x8b3c0a57bc85644b0be7a4f889642602cc2c34f4	1
0x3bcbb26dba595b6b52379dd006614c01087ab717	1
0x2ebfc219a0c48600671add72ee235b07f9270874	1
0x2cdf0c484d6690f079f8ea2118296069719c114a	1
0x75763c20dd44b4b7c758d9b1d408cbfa27328d9d	1
0x3d817d4fefd4ad9fe7e5b264ee98522b792eb2ca	1
0x324fac52fc42419b6309795984492ee82ca2e427	1
0xeb3e78dd812cef1a80201bf36d9aee1399269114	1
0x1fa5e4063681604d5f4b978bb05ae8865fdf7b88	1
0x3b331fbd798b9eddd70b4db5da21c942290d9fe8	1
0x44b48adec7e43268ea75cfdc0585410f87999b15	1
0x460b0663f1ba47846202eb2368dfc6f8ab57b983	1
0xcd9869d32d6c405a704fb0e9714c239f8f80c0c6	1
0x123270ae8adf36e6a970490dac53bc7ee856f52f	1
0xa2521f872f0d1d0eb919bb0d65a4e245b5cbb851	1
0xbd7477006daa466d15d0b13f614e84c1e5def06a	1
0xe8c4170f68518c3b6bc3c6c9b33a071bea44e569	1
0xe6454902615ad7abdd3439791da0fd21dfdfa45b	1
0x497fe20c94d4ba9247582462d6dcb945b160fd20	1
0x27503a68de1dfd3dc059fb9468435e4b9c1caa1b	19
0x54fe8f873a7e3069f80363c5f54d119589ccd969	1
0xedbb8b136ac2615ed43243b51193d3c04de3250c	1
0x7c11a4ab031b16d1f226c4654be64522a8fd21a8	1
0xa54cee1da30716a04c28b7a6cb724fc310c8b709	1
0xdc8b2cb141b0e70c253dde74feec5d17eaad9056	1
0x9c28ec17abd25cc2e02ed9649ba27d010aa03e56	1
0x6ac245a478e15a11b077911186fc0c588fcadfeb	1
0xdcb9e3c38dfa3891b7a9d47d27d89bac23ad6bc1	1
0x77bd0ad5ec7be3d7ec46eabecc15e35507a80bcf	1
0xbbc7d92cb3d38adebfa1988a75531fde26a76f83	1
0xa74b1a1aecb2291135b317d4b34ec1b984c14480	1
0x82dcba7a8bf3aa462040038ecb3d5d90901676e8	1
0xd3bc5a8ba42c805485aad2923cdfadcd68633081	1
0xda805b28a9e682674b13a3b9eab60dbfca5c43f3	1
0x4d34ea6d475b93d4914b1f5d52bd406a22d1bc0c	1
0xcaa28694c379ec156cd24e123f9b92c669f5b25e	1
0x84123d32f75647d149d62fa043b1bdb86f8e62cc	1
0x93d7ff5fe027423f501979c3a6b4d9f5dc0800fe	1
0x2b8bc0df48c19e8bab03b9eefa2305b87ddbc652	2
0x8f7940edd62958dc410d8e3dfa414cbc963e8da7	1
0xf6bed40087039c7e38d959f6dd762504b3c1dd6d	1
0x1af331dc34dd7c5c62af28b5685328318b61888a	1
0x46548a94ebd69eb86b7405a2b0c75b76c7a86702	1
0x9bb20e177afd7be5bae1258b73ee23bf0e71495f	1
0xf90eb6d0f40208e59948f393993b6cd46ad745c0	1
0xc8fedee303d5c7e97890e849cc40361207dcfd8f	1
0x2b038c93d14e889184e9a59ee8b997011c2673b0	1
0xcb53c3e9b9ab1dc75c11d0196f5eb5e6639a8b63	1
0x7d328c140e4d728d7377be8af6f82c9d60ef620a	1
0xe7abe5ad43910210e3cdaf16b2aedea43a155ab3	1
0x8ab74c42fb897138a6e875a741a05b74d7fc78a2	1
0xd4010438c2fda8ffced073ad10a138b06d789a4b	1
0xb735597e830149c570901e44441292d0736430aa	1
0x2c3bbd002e03a0469b371bfa8b6529ac8456a090	1
0x61cc04164d51a1fb50774cd02ac0e65863a3b33d	1
0xacda2d74768ef2f0435cb578c15048925ed14ce6	1
0x1b75d1dbcfa4b2b087be90531dd21822073d37b2	1
0xd4c235d05361c4ba5254562b0099960901dbe5fc	1
0x29c66f54fe449041555d510afd0c1657fb3624e4	1
0x818549bd829b8f9aa13dc0de9d3242ee631a5438	1
0x3ff8398914059a3d24ff72c03a2e63708029e05b	1
0x7e3a3a2d77a08d62e5c542905f2af1f746e64641	4
0xfed25b9396e44854e736e46189d8e33744f2d2d2	1
0xe0c6df9137eca4fd8903db5150ff8ea73a37a986	1
0x5972045c1baee5c06521b26fd5496e20a7b00807	1
0x390a59a3e5f925e1765173ca0ef30f7f7b1a6106	1
0x17352485a7b4533afec62da15d492579bb83776e	1
0x84922162a6ae4f7030749ac933616aa2a58af823	1
0xe3f107d43bfdbe0aae47e10549c80a83171c2038	1
0x55779857c437e66a1ddbdefd69ee2b784dc657db	1
0x656ba0982cdd0ee803f603f22f77299e4e963ee3	1
0xd2d3ddfddce0b911b0a1aba9a00cf5372f48840c	1
0x59649c49a046edbb893a31b29e4e295346f41f28	1
0xc641545ee1edf2cc78b0b16967f39d3f0e267481	1
0x7083f0cba0da7e4048910765638cfaa2a397c830	1
0x13fbc4eac728e6d9bdc40151b8f90146223c03f2	1
0x792507f5939b173048948980db789c2ceafb6382	1
0xc1843b09ee9ed5ff89ba924192ee43a2050dc58f	1
0x406585d5a8cf803a7f343c4ee4b2771ca055b605	1
0x708f0da98f5e11c3e547ec3b6bff352bf760250e	1
0x514d76cd38951b91560f8edeb113cdfa446619a2	1
0x80d2b40846495b220a610065df2db53d023cbfcc	1
0x1c27900fce5b1fbe7ef9a413d5b554aea9d37ab4	1
0x88e9cb0ce359247cbaa4631b98413dc6212782ea	1
0xd724025aeffce1821a4c39d621d91cbe27d5251a	1
0xb161220128f28e805b75b62ec62692fa6cb1a567	1
0x602a54b679a5b818dc31be0b6c7d7cc0752956ce	3
0x89695e9d4c489128471798766f1ee4b2a8ab5b5b	1
0x4f42bc14c9a2cfa3da1f0217b71c22ecb7cd8171	1
0x8f59db520ddc28da1399522018651df74ebb7901	1
0xac252fe91404b866ff2f0b0493f3066b56b887cb	1
0x8aa0556cd1b1500e2605246be72a0a9974ee0bba	1
0xab1470356c5f9a0fcc9c6756240de003427a9d9d	1
0x7fac5c5b7e6d24614d7db1489486142d680abbc8	1
0x72f159f358de71e0c8433cc29c55f25823b149cd	1
0x3dc7f8850cbfe558eee8442d553fde8eb49dcf5d	1
0x41ccb8544c29d887d5af91ae04c06f3080f65158	1
0xd51a2f6434cb702e0b0a6cd9e70e33b720d403f3	1
0x1cbe2a0fa44ad90f7e84ffdb5c02a80b9b36bb93	1
0x619641582a624ecf7a365b5532fccf6d50ae68d9	1
0xabd4fcda9854a2e95cd090aa4be089fa518a9fa6	1
0xbecfc55c8ec2b09436c84406794d69a4b9a0f409	1
0xf5ede9501e8827ff9dc13a83dc967f9b7bef4024	1
0x0399bec52d9c0fca76aa937fab9bae359095db14	1
0x91cdf7a34ecae2fa3b9894753707ab5bcfbfe53d	1
0x4a053c48f626435ee3977640d22fc082dc6f7c14	1
0x4d791c3bef5050603454183aea9b4fc94e073fc1	1
0xf1647b60f346b2bdea13cedc59c1d85465b49d1f	1
0x08f05f036e7a59514c566d7cadf63d325e024a84	1
0xae0ad2947c529560763db15cfc26e02d21cd3353	1
0x843c94e488c4f66218e4def77f4517ebd972ccde	1
0x6c0457ad4409e98337d7c566fe4ac94c7cfb2e68	1
0x4d0debc4b4cde5d3c0f84cd40d83a5ee2bba373e	1
0xe386c823dbb85d036cae8ae62a5fa9c5178abaa6	1
0x0e0bba4ec21aeef3a7853ad1837ad163e87852e8	1
0xa9a03ef7884348bbd1f5ad28bc40dda142fe61f7	1
0x7a7b6be7f5ac593bcb262b52ae5a731aa1690ad4	1
0x19aa168327a4b6d623ab8ff3f07be7f305fc0f35	1
0x37fe4527fafceaedea642797776291b093d80855	1
0xaa53851cef2b2a2143b02ab2a0796f3aca16985e	1
0x07992afe33df1f4e120ade98df19a0097bd1d0a3	1
0xff32dc68e5ac8dd8783c0491b907409013e6c728	1
0x87486b18526ab3dacf1e1e8a4b0d5c3a6978bdc9	1
0x72acb3a6b416a018c2976eee31d0ff854b782936	1
0xcdf3747461aebdc2ed347d7022f3aec607316584	1
0x7ff4f8fe1dbbba8dc27103359bf96e97a4d44114	1
0x40284e08704f385f60cd7f358f82b77ffbf449e8	1
0xf0de7ddcf3ab9fd4a2b669d9a38d71e85d80a60a	1
0x5f523344accae612ea9900227633818fc8426055	1
0x397cbad116eb6a9621a5b1157a643b1fe1f85dfc	1
0x706f377a4b8b4d07506473295f2d8196c33aac1b	1
0x010475e36100b427bb4dbddb2c023124bebd5a38	1
0x59270ea5684c11c71255019ae4bd099ed58c2e93	1
0x6bfa2827a2248104ce89b46fd4335e5c3285fa57	1
0x46b5200293e138aaea2e54e4cb45c3a366e98bb6	1
0x98f3cb659466abe28e133a569dfd0b86d4d526b8	1
0xefbfcf394763c56844e29498b039bbc832491f27	1
0x7fc56ab08e1c3e094188e0baecfe8902f02c4998	1
0x61d34a0bf48e0009995c0e48efbb7c07eeef1391	1
0x0c652a9a034c5c03952d74f40b94569ba33c0be8	1
0xa35df91bc3ea8354ab20eb18fb3e09d8e9c55be2	1
0x8724d3b85e5de2b544d8423ff7979dc2f157d292	1
0xaa38c9ca07dbb4e37878bcf8a1713e3ecf1a248a	1
0xda11c7475da3d28bc7f041851e640ff88d00e9b5	1
0x0404d363cbaa551d672d2aa60e423b3b0e92f017	1
0x19ea060b41087c8b1b35a7bf58ef114cc48a9e8d	1
0x52bf55fff7af61d7e49c9dbfa72d3498a4a317ab	1
0x254e90238e52683a3695d9546822a513df0711f9	1
0x508703228fed40169c55b965f77e269fc7391f32	1
0xc6077421edbb70ad3e8aa99f170dbde013deefc7	1
0xe816ac415010bd2149c7989a9ec63517edc4651f	1
0x126657dadd29c549d0f601bfd706ad9ab00de8f1	2
0xde404aaa74379da40070072faaeca7fd3bb0ff8e	1
0x06be72d7b49915d10a7768a7f44e97d042d8291e	1
0x34be29795b34ad402f08bee0d274ecd3efe56236	1
0x45d547ba92cc764ca56d25e4850a7754897796fd	1
0xc9ede0907afbce632a506161cf198b2e1d1ac4e3	1
0xf2c9d1335f2e38a8258d1510bef2b1b954d1d620	1
0xbf78c93cfde5500d1cf6bd1e0eabc2fcdb2770b3	1
0xa27ceaa4cb527bdbd5f7ccb7590b8125d1329aeb	1
0x5f4315f0e6e59dbb9b780830f7071ec7c11c889d	1
0xe15060a37dba5cb5aa66cda27ce9f9b96d7c2956	1
0xd6c82265efed043bb1b648a1e33a11d1f9f80b0a	1
0xca45cf68e7edff40938c4ab73bf1980fe9da11f3	1
0xa6cbd0dcabb082319a067b0daf18df8156347c61	1
0xf7713f561a78696ece91f6ea117190595bba7349	1
0xcfd7eb22df95457aa171ee800f3f23e5ce480521	1
0x28ef4800417bedddedebdee594845a41c8c22fbe	1
0xa796f51e382d6a8a8ccf85b3ed16917367e6a790	1
0x828d0d8484f31ecc53ed45ed6bed3cfd7ebb646d	1
0x1751f7250e0bc37605ec6225e6f206027dbf384d	1
0x40cb7b1b5f94b7aa6cbf9f7c430e2b5fdf37ea12	1
0x089624c8a0264aa0a71843cf7a3779abe0261b2f	1
0x184bba86d8eb996a61ce788a6d4c428387bc1b28	1
0x2d94f62d707e1e11ac3362b4a8883f9b513500e6	1
0xe887906f23b1e2a312ee648e1d56f08f68ea1fc1	1
0x5a236efbe8afa9634830f6e8f8f5f9d9ef5ceef8	1
0x5faa1257d7aad297ddf2326de382b82444457008	1
0x99547d2505ce3e32a86b5696469cbe9c73b5a245	1
0xc1ce000c06e50bf74907f52e2ef314b29db5b28c	1
0xeef6f14ff9977ab50c3035c527f33e94c0d2b864	1
0x2af40bc2f3c1a8acf1a55b5874f9b65055d3e11b	1
0x46f99f65606fba036910f3dcc79ed3692730b2d3	1
0xfabf4b761cf1538ef82ebfdfc9b760b935061135	1
0x035dd9460f0d804f5e927883174553d874082801	1
0x528608f40f9835cc5e26244309384c8c15e07e60	1
0xdbdc2bf469830009c45a5779fcdbdc60c351c355	1
0xa67c88823ff68946c9cfb090e7dd2dbc9a44ac88	1
0xee05c32cec503bed8c46fe28189ef455fc8987ce	1
0x5608c5e7b6eaf7175b3b879f3796a0832a85840c	1
0x6015c3762c658f23be1fe4dafcd3f1d24e43194a	1
0xf70b945126420531c42b99a721b315d94f1a132d	1
0xa9436a0e4bfd13d8eabf288435fc850d74d22026	1
0x872a2047eab6a6e935d6e8559c6ae45ccdd73ae6	1
0x13e4dc21aa611e6baf63a805d4c120dc7aff29d2	1
0xf86467c81838838ef28e5de788129c4acb6bcb1c	1
0x98dc5e42b78c573b62f6ba90896bc5484d5966a6	1
0x5cfc99cc92640c3222019969f485a326f4da7762	1
0x869594ca24d78e407f7de4de25c629dc5225c4fc	1
0xf867eb6827e74c4ce7ef66dcf81f058046683b6b	1
0x1f68aa7262dc593b47fbb34a5192a8af41e41427	1
0x39d95b4b2450beea8bef5c70fcf9b57a1a02edae	1
0x078fd87a74f5fe5843b596495e9853431a4a5ced	1
0x02adc65aac2715103cf4c1ed3fbe2b18d5f02228	1
0x26c127d5fc97ea03f008dd13d2c9c09483c90151	1
0xdd8592034667a66fcd03dd1cc53a82c30ac1c94e	1
0x0bbe6882fa6dd9626250fee8420b2aa249e96e16	1
0x38f4c9e8539459cf96ca7a5e6735542cf8b42652	1
0xf66940ed5dc4458cd4aaea5b6e51bba78312b95b	1
0xc4256561b31313bde384cd141ccaad392969bd2a	1
0x7500a83df2af99b2755c47b6b321a8217d876a85	1
0xeaabdeadcc1ba2797a8c9f8fc227de6fd4eb115b	1
0xdade45b761acad4f2713c21ddcf391f2b74c2905	1
0xd772752fcb9f3e9094fdb5cf65868ccdf91ebfe1	1
0x2a799e3a897dd3a1efec24e500086b1f34e0803f	1
0x2ed47acc4d79585e6803c9cd37abc62351f92134	1
0x899ed92104a4d4a25052af89c3efc77b1a4c7311	1
0x66789216de11b5c16bc3ac5d0d7a1974e0768a4b	1
0x898ec5357043ebcae9b39cae160542a6ae47376c	1
0xb4a139676968aef3a540beb9611c4a0a5141f18d	1
0x9e0efb21304ebe8c045ac81df01e050913bd78d9	1
0xcf651da562fac889cb290bb8b156cc3212a5e101	1
0x3e35a116e6567b6391d3efc50175ec4c1ec27ad9	1
0x8eab38f78eed1add6a556952455c0feb2ff520f3	1
0x16e1f6797aadf9a7840ae5577f04369c4bd19c51	1
0x31f1a3782ee8525f56c76666173fda689a928f35	1
0xfe037d69af6887d7833ebeffff295c6cf02452cb	1
0x96836e93eb24744aed65a122ab99404b5e67cc72	1
0x656e3652ad3c920d8b9485107217e12ec851baf8	1
0x9412ffeadcf7499108e4cc7bcddd5b80f60c9339	1
0xfd6e5f36a576c879f10bf3fe77a11e2b35e047de	1
0x550d569bfc60e5caafd7679e613c3365dec1d9b9	1
0xeac1a84e11710bcb087ed9fa084c7c7918f8b5a8	1
0xa9f2356198dcee79fa2231dee7c2a01b744b2fdd	1
0xcaed87cbcb87b129a9807ce5d32d11b4b617959f	1
0x2b71a9ef572e8954d1a96c81c27ffcb4de583973	1
0x6d76665722bc8a3a3823ef210229d9626c5c160a	1
0xfb3d3b1cd1d1c87c9da6a3865b864cc92d0d38b2	1
0xcbb58c9ffc318aaca7082fbf0360c47d344283dd	1
0x7b5b4200b96dbf8e55b981c7ec5b6f213529d9ce	1
0x2d121b302e8493f23d719a6d53493ef6cdd67703	1
0x83e46aacceab9727b7e3639f02827a566f40f840	1
0xdee5c954fb0b31c66593e3e6758b189bdabeec56	1
0x4074c4308f45c41aaa85ac76210b11554ee0158a	1
0x5f4e17566cb981760b8a52fc06c797a9a9efbc87	1
0x4e22debc206741e3c7caafbb4ea9e3b243ef792a	1
0x46554cf259d9fe903a04701198d63630979b2e3e	1
0xcdb0c50a3fae3f74702b933ae7fe18115d8505db	1
0x17fba972649fc2ce3ffdbf285b872aae9b01e2f6	1
0xfe9a2594955a7a2947e05d85bf18767d6d9823b6	1
0x771eb1d3600ae845aac8b490ae01c8f3af1a50d5	1
0xa31acb89e44dcaae598e354e41ad8f38758238a1	1
0x9a44aeaf271063adff495411bf252d61d678dd74	1
0xd85320a24714e67f68261b8e1d9fc3d62e1db9d5	1
0x3032213d8a8a0dcd286e4f44497ce6fd30d0469f	1
0x10d5f0883482a5f311a71ff5064a55526a8df857	1
0x79eaee9e4a455c699c6ae35462d60731325323df	1
0x751b3ec5bf368d5873eac1f7f92ba76ca2f809d3	1
0xfcd0f4cb63ebbd411d9c28cf1fdd3a738496b747	1
0xb8cbee72910b25f8d7959ec502e7dd6844c64f27	1
0xebc4163e3e4b56b08e16fa50fce5f772e2533c60	1
0x9357781c16fdcdb386866e1f8b55bbf29cc6a44a	1
0xd9fdfea5960b4210db3ecba4a0fb300ee69c5172	1
0xb3e13b75594f29a0c5470d67ec0f43ae6d1c56aa	1
0x0b121e1e377fbb582611c237c241ba712fc0513e	1
0x9986417d69bc99933e16620d536a5abf1a2cd239	1
0xafa0f969758ddc03b4ad9760c332e725d46e8f57	1
0x89822c6fc2b8452b6fd39c71918e38536c822b41	1
0x57e09fac8a2ab2fb598e81632f4756466562ab7c	1
0xc53ceec6a341f03120fede34711f5069d18f14ef	1
0x1538525545bc29eee36a9b637d3143fa9b111a11	1
0x42cbc3e8a1d73007be234471a7734ea101ae9c4f	1
0xdefb89d6b7b3750052f5ad68c99686af24db3c72	1
0xae7c9481ee0e17616aabac3bba1d5172261c5504	1
0x9dbbc56dadf03d51db04361d56b91b7f71fedce6	1
0xb02ab93fe61ee579664ba7682afe5156cfe7d221	12
0xd85907be85be58d526ff360b9d024e04f699a7bb	1
0x84bd634609e2d3b18a0599496f54444f259aa6ed	1
0xd946a8e09d5443cfa783dcd9ef888e5e02d6efe9	1
0x47b3c6637d1ed01a4b98646e0920fcd8068430e7	1
0x8d6e8bab7ce3de6580c7cd590bf19caf183ff8ce	1
0x04548f84f0b1912ec6bd958e1e9f0acbf8828f66	1
0x49b4c033730fd95e678ffd538a03ec87cd9fef18	1
0xcf85fbb4934f2a9ff4061154a482ea5e715d8f23	1
0x5c6b82d3f079f1f164d74c6facb1857ffe1cedf5	1
0x7eab877667fca8825e518d5ec8a699721ae93a85	1
0x9995ee99122ce67ec9ab56f4fa95c5216b23273d	1
0x3bdc0f292fceebd4f816dbbc5084fa590348e566	1
0xa1d2a5df88fe33976f02d82663a2297fd5cbf253	1
0xe9f449463ae56c72790b7541d11e70938274a2f2	1
0xa9221714a7cd1db63be672e5671886f389e8acb4	1
0xec4591106db1bbeb3da6bed6a19bf6d5df9e660c	1
0x228f25f9dde6187975d0a632b9cdecd88ef4b23a	1
0x859a3e98661e8350e1efa99d7ae357501126a42a	1
0x51ef17e4b2d8a6380769b5ea3facc3a429979b73	1
0xc01bc2728960decdb6633bc5d7f441972cd41caa	1
0x5c45b7a8f13bef60a9a6431503f8d1f8f71dfd1c	1
0x3d2c38ee6cc5254186f299cb32d99b3f01fd14c6	1
0xd7a43d8bf5690bc655f13aa7e44865615f894d5a	1
0xd40e6d7de5972b6a0493ffb7ab2cd799340127de	2
0x4f53387eae4a175e2c113ec9b59106988d888da7	1
0x320f87f4fdcc3615965b1ac421a6cac95becfd7a	1
0xdfcea377086ff2bf125d515a1e9816ddcfb2d62d	1
0x1ef135f5bf4912c170d4d7bee661ba971a34aaa2	1
0xa551da6ec12a1a3e233a74f48e5fccb9015182f7	1
0xad723e3aa63da4750a15a0613d7edc1e0a25c6ab	1
0x8e1108708d54177e2dd1c270fec0fe4bbd492a82	1
0x8b1288d2b2e357d80ef8e01b1880d01f601e0917	1
0x6872d39a14698e86d521291cbfd159fcb030bd16	1
0xd3a91a6cb565a78957787177b5e335f848e905a8	1
0x1b6bb660a4e5b8225cdcb4f58ebcfda21e9b723a	1
0x44aa9f1c5d23971210ee16e96ffd95a06c295987	1
0x4e882851edfcfad4121d4737b427bfad0c80d327	1
0x8fd06621d830e35725702a2d4c97d7430d49614b	1
0x58f54ddfe9cfae89de4e316136240422c04ec09c	1
0xf2dc4331d4aca02f37faece118965f6bdfae7260	1
0x8faf30cfffd369f9e2aff5fa535dee797c2004a4	1
0xf2f2f5015ca08e10c4cd2ea221222ee66117de78	1
0xc339b8aec14e5691c04a756766f267e42adc3b22	1
0x721799eef1d3e582f4b77ae6dd9fdef22b19bf9c	1
0x6bef0cbeb6f854c8cdcc7a8e3ffb3b66a86d4297	1
0xa01dccf91ed9635aafcd9ba0696229b97f8a1e52	1
0x48abc8a65bb6883eefc1d885b6a39ca2ad5faac0	1
0x6c61c87116bc052f1f3267bb5cfc687269a0102c	1
0xc883c7a36248a2b3023cabf6e4f87ba238129862	1
0x360cebac3453204d44032d4e4d2c9896de48a85c	1
0x1f101873f110d4cf0562d7b60bbb616154a89738	1
0xbdc3e5c2d5f4ee77ffc874e49c8da76e46e0f898	1
0x65c3564f1dd63ea81c11d8fe9a93f8ffb5615233	1
0x79a5d62122b8026760167bb5a077774bf49e72bd	1
0x171bed739dc70fcfdc92c91a11738ad2c92af885	1
0x9e98132699611fbc7e409142382cac0cf9a12f68	1
0x671028ae7f9f366cfc5705c343b5fea48e3ac60c	1
0x4d2b754d7f8b22593032f8c56fac64231d6f5ab2	1
0xfd86b03487769e3fbeb256c6c6cc75ce16599800	1
0x0d9832aa999fb8f79a8066128ab92613a158fe85	1
0x2acfacde25c0ff0a00f03514916ef3092e83bb03	1
0xeccca5c587a28947a4687a02404201c4888f570a	1
0x01297264e8d871e36b58e30cc458a83aa0537feb	1
0x1767121f2a6431266a9f007f317e732820522bbc	1
0x98d575ae06cd465fb7368a6d682f55c6f98b06de	1
0xbefef0fe13b9bd398a88dab74ccd62099c51333c	1
0x0ec1f47a4874a717d12d02b4966e6a4b2d94683c	1
0xc1e52555b146832e7b9bf5795b1cb3f4344f8431	1
0x7ec80d7671031d50bb0dc89a2e9a0f62ae37b0be	1
0xd3d1d6e23ea9ae3103de17578ed32ab54a26bdc8	1
0x81d07093abdc6b5215474ccde4944c872565c66a	1
0x3a3ef3274583f6233df1b75129d26d06de9aabf3	2
0x35af1b71f5b2b38b3ee605737e5541604b352fb7	1
0x60edb7cfb31c85d69a94da6491f37f3067cecfec	1
0x72c5f1355f9fe8bc9fbc4fded401e489e3bc22f5	1
0x11fe8ea038392550eec61eb12b415ba53ae10e33	2
0xd5ac61810ad8ff017a3202ff099d72b7d1e86e23	1
0x026883803bd72bbafcd74b0799edb5205f21161a	1
0x6f04aa5c4f30142251d0e8cf347298d09c489c3f	1
0x070bd78988b39d4906e023036852191f7cafa46a	1
0x820a62adac7c62a8292107e553514860c9163b24	1
0x07caa0cc975475ff531fd59ceac95618d0bffbf2	1
0xc6cb46c9e5c7a9b813e027390daf76d162ea3211	1
0x62305da56b791f9595f0a986ce3eb2fb9580e39d	1
0x1b9a25fe56fd23f6ee8324319f0c2c4851469adc	1
0x0d6de3dbd0bead4b1c2473371b52bb3a039647c4	1
0xa5fd4c373d58e1cdd9639e7a5a6edf86eb842f63	1
0x9a9d8ef97fde0777ab18d0b52036864e9fc67a70	1
0x287bdf8c332d44bb015f8b4deb6513010c951f39	1
0x088b76419cd0855341919cf7d7e5b23aa455b805	1
0xe9061b69e72efd36efac794f0d4db3e17327aae8	1
0xcadf27617c932594d840b220e39db61b46bc4720	1
0x28af9cdfe5f2c24a08ded2174bb25739d1378062	1
0x4afd23165a8f212971ec3e9435f7c208b8268103	1
0xffd178bc23b4465442da63949dc354471f81f6dd	3
0x6a7803ef6c2d3b6baffad1ea40b431672a05e3e3	1
0x3567dbd98fe316408c7ebab6ac6b12a0f27a7ed5	1
0xc975514e0e5903098acd13b88eee6f7e3f1191f7	2
0x735cf5cbb75ac4101bf9eedccd6c5b8f410c97c8	1
0x9dd49d8928c14e5cbaaa22aceb383915c08c5b85	1
0x99353fd28589cf715a45617442e9b74adad56601	1
0x896d92602efdb07d17a3fa0aba7ba600cbaa84d9	1
0xe8e88ef66e0642103b59237adea8b043ca3e8284	1
0x1c979a133a141c8147f8ff715d3adedc54112fc2	1
0x601c730c8b8f283352c4e817ac3f837f8de7727e	1
0x5650d560c4e4e3cedd545d3679f350ad47d03fa4	1
0x9b7f90751c1e6c03b13186759dbe71ddb2032996	1
0x7c73edfbbb0948906a3c64a04d5c2f75042f1b8f	1
0x69940b024a2527ba2adcd2f34ff89b8285c8a560	1
0xb7e49025a1b0c72417dee821a5699a1b2170fffa	1
0x1e96acb71e14c15e942ad4265fe46be5138b9008	1
0xffe9309a3c8eb35c587130b9d5d1baf60eafb61b	1
0xb31b16f2386479e066512437204eb144b4c55f84	1
0xe81e72ba04a770ebb673bb90042a94726f86b87e	1
0x39c812062b58fbd872e827f829702d179c8b7a53	1
0xa8a3179cf9560584cd4590573b946c81c9fab2e5	1
0xc95dd1e8ea4b14f97cb3d10075ed4586053ba336	2
0xdba9f352e437193ce2fd42eafcda80e3bf4e0e8c	1
0x89b1e3acec5e6abed434920a8c181a747da025be	1
0x103df3fb94c06260314c0421e0ecb3492d84b836	1
0x786b64a6f32fdcc2e03b66f812d7330a39ee27a6	1
0x94d29439e811fcc101a18926c3fc7647114ed48a	1
0xb1e65a7ac29d8a60bb0d232e473d55ac215a6ba5	1
0xeaaf049c385b33f20a472ad24046f4212868d055	1
0x4ff83c705cd9eba77f509138412810c60f06363a	1
0x2cd9954d5cf8775ecbdfb84a6bcd735b92658a37	1
0xc6b71cf73263c8024f55c401173aad76d83f6391	1
0x0253ba3af2fa2e5553bbb4575716379fff068557	2
0x9416be96011d6c675164c37be2743128850e8a29	1
0x61bb1c37e7a898cbfdf76166bc64a9355c8f1909	1
0x0b23c71c37350be486096c8d6f55c8c765565f4b	1
0x8ff56fc87b66ab9104db2548c03d20e521a60a4f	1
0xf5857724d9006613f6f9587cee20d02a0bb75d53	1
0xf25a388f3ed808f855ac932bb3b6dd7cb7fdd83b	2
0x1d23895f8a540affc3397674ab3d7fbbb463057d	1
0x0f833958a418bd5d4df8d9a0015aa343ece8b13f	1
0xabfb8d5c76874ead451d1d4eddf4fd76004563da	1
0x005834a17d674ceb85ff92069728587f8c0b218e	1
0xe69ed849d50b3c3fac9efa76ad9abd10d59fc444	1
0x8a92d26c013067f3a1a748f32ff6d1690d1f35b1	1
0x8215a6985a6b4d87a17a37d5a1e269b862d8f02f	1
0xd3df1769738a4bdfa5555c75de1b5e46e697d774	1
0xcfef4dd0b7701ee8fe47eaacbc81531e6c84c346	1
0x7f389b4f47be9ae5d171d83d3326eb0a5420c98c	1
0xa711533d3041d389b68f1f32f9a7fc32afa096ce	1
0x2163b51c66d684ba5fd5b69be41ffd2fcce7bb99	1
0xb8b0bb7ca8593238d82fc3e61c876da942347bd1	1
0xb160e8ed6ed97dcb219b0d228de0398d1a34b531	1
